id,label,degree,modularity_class,weighted degree,,
Shawn Stasiak,Shawn Stasiak,40,0,132,,
Bam Bam Bigelow,Bam Bam Bigelow,56,0,174,,
Sting,Sting,70,0,536,,
Ric Flair,Ric Flair,69,0,414,,
Billy Kidman,Billy Kidman,83,0,360,,
Rey Misterio,Rey Misterio,103,0,506,,
Elix Skipper,Elix Skipper,26,0,62,,
Kid Romeo,Kid Romeo,10,0,24,,
3-Count,3-Count,37,0,186,,
Evan Karagias,Evan Karagias,51,0,206,,
Shannon Moore,Shannon Moore,40,0,202,,
The Jung Dragons,The Jung Dragons,31,0,146,,
Kaz Hayashi,Kaz Hayashi,40,0,164,,
Yang,Yang,25,0,126,,
Shane Helms,Shane Helms,38,0,186,,
Chavo Guerrero Jr.,Chavo Guerrero Jr.,49,0,162,,
Booker T,Booker T,108,0,738,,
Scott Steiner,Scott Steiner,97,0,724,,
Chuck Palumbo,Chuck Palumbo,38,0,168,,
Lance Storm,Lance Storm,27,0,90,,
Mike Awesome,Mike Awesome,33,0,124,,
Jason Jett,Jason Jett,1,0,2,,
Disqo,Disqo,8,0,20,,
Kanyon,Kanyon,30,0,118,,
MI Smooth,MI Smooth,3,0,6,,
Rick Steiner,Rick Steiner,88,0,632,,
Konnan,Konnan,99,0,396,,
Lex Luger,Lex Luger,80,0,538,,
Diamond Dallas Page,Diamond Dallas Page,80,0,378,,
The Mamalukes,The Mamalukes,24,0,82,,
Big Vito,Big Vito,46,0,156,,
Johnny The Bull,Johnny The Bull,34,0,112,,
The Steiner Brothers,The Steiner Brothers,53,0,448,,
Dusty Rhodes,Dusty Rhodes,1,1,2,,
Jeff Jarrett,Jeff Jarrett,115,0,584,,
Hugh Morrus,Hugh Morrus,65,0,268,,
Air Raid,Air Raid,4,0,8,,
Air Paris,Air Paris,4,0,8,,
Air Styles,Air Styles,4,0,8,,
The Cat,The Cat,40,0,98,,
Totally Buff,Totally Buff,7,0,18,,
Buff Bagwell,Buff Bagwell,66,0,334,,
Goldust,Goldust,52,2,194,,
Jason Lee,Jason Lee,3,0,6,,
Johnny Swinger,Johnny Swinger,18,0,42,,
Road Warrior Animal,Road Warrior Animal,88,3,402,,
Bryan Clarke,Bryan Clarke,44,0,198,,
Jamie Knoble,Jamie Knoble,10,0,28,,
Lash LeRoux,Lash LeRoux,30,0,74,,
Kevin Nash,Kevin Nash,100,0,556,,
Crush,Crush,76,0,340,,
The Franchise,The Franchise,22,0,66,,
Crowbar,Crowbar,29,0,84,,
General Rection,General Rection,23,0,64,,
KroniK,KroniK,43,0,196,,
Big Ron,Big Ron,41,0,134,,
Dewayne Bruce,Dewayne Bruce,4,1,8,,
Goldberg,Goldberg,70,0,302,,
Sycho Sid,Sycho Sid,63,0,263,,
Alex Wright,Alex Wright,69,0,220,,
Terry Funk,Terry Funk,57,3,142,,
Meng,Meng,76,0,362,,
Kwee Wee,Kwee Wee,11,0,24,,
The Insiders,The Insiders,6,0,16,,
Corporal Cajun,Corporal Cajun,30,0,86,,
Lt. Loco,Lt. Loco,26,0,72,,
Reno,Reno,17,0,46,,
Mark Jindrak,Mark Jindrak,39,0,152,,
The Boogie Knights,The Boogie Knights,6,0,16,,
Stevie Ray,Stevie Ray,92,0,620,,
Jim Duggan,Jim Duggan,26,0,72,,
Mike Sanders,Mike Sanders,16,0,64,,
The Perfect Event,The Perfect Event,20,0,60,,
David Flair,David Flair,40,0,114,,
The Harris Brothers,The Harris Brothers,46,0,146,,
Heavy D,Heavy D,38,0,122,,
Vampiro,Vampiro,62,0,196,,
Sgt. A-WOL,Sgt. A-WOL,18,0,36,,
The Insane Clown Posse,The Insane Clown Posse,11,0,40,,
Shaggy 2 Dope,Shaggy 2 Dope,29,0,86,,
Violent J,Violent J,29,0,84,,
Vince Russo,Vince Russo,13,0,36,,
Juventud Guerrera,Juventud Guerrera,84,0,404,,
The Misfits In Action,The Misfits In Action,21,0,46,,
Jamie-San,Jamie-San,26,0,102,,
Team Canada,Team Canada,7,0,14,,
Tygress,Tygress,13,0,36,,
The Natural Born Thrillers,The Natural Born Thrillers,12,0,56,,
Torrie Wilson,Torrie Wilson,7,0,14,,
Paisley,Paisley,9,0,22,,
Ms. Jones,Ms. Jones,1,1,2,,
Alundra Blayze,Alundra Blayze,19,0,46,,
The Great Muta,The Great Muta,26,0,78,,
Dark Carnival,Dark Carnival,10,0,22,,
The Filthy Animals,The Filthy Animals,15,0,52,,
Disco Inferno,Disco Inferno,87,0,276,,
Major Gunns,Major Gunns,7,0,18,,
Tank Abbott,Tank Abbott,19,0,42,,
Norman Smiley,Norman Smiley,45,0,124,,
The Demon,The Demon,10,0,28,,
Carl Ouellet,Carl Ouellet,31,0,154,,
The Dark Carnival,The Dark Carnival,7,0,14,,
Pamela Paulshock,Pamela Paulshock,2,1,4,,
The Artist,The Artist,7,0,16,,
Miss Hancock,Miss Hancock,6,0,14,,
Ralphus,Ralphus,3,0,8,,
Positively Kanyon,Positively Kanyon,3,1,8,,
Chris Candido,Chris Candido,25,0,52,,
Horace Hogan,Horace Hogan,43,0,122,,
Reid Flair,Reid Flair,3,1,6,,
Hulk Hogan,Hulk Hogan,41,0,296,,
GI Bro,GI Bro,2,0,4,,
The New Blood,The New Blood,12,0,24,,
Shane Douglas,Shane Douglas,30,0,84,,
Kimberly,Kimberly,3,0,6,,
Eric Bischoff,Eric Bischoff,4,1,8,,
The Wall,The Wall,19,0,52,,
Daffney,Daffney,4,0,10,,
Elizabeth,Elizabeth,2,0,4,,
Tammy,Tammy,5,0,12,,
Captain Rection,Captain Rection,1,0,2,,
Harlem Heat,Harlem Heat,78,0,506,,
Ahmed Johnson,Ahmed Johnson,44,2,152,,
The Total Package,The Total Package,26,0,92,,
David Arquette,David Arquette,2,1,4,,
Team Package,Team Package,9,0,26,,
Curt Hennig,Curt Hennig,54,0,224,,
La Parka,La Parka,43,0,192,,
Michael Modest,Michael Modest,1,0,2,,
TAFKA Prince Iaukea,TAFKA Prince Iaukea,6,0,14,,
Kaz,Kaz,12,0,30,,
Fit Finlay,Fit Finlay,34,0,102,,
The Barbarian,The Barbarian,75,0,394,,
Lane,Lane,12,0,26,,
Rave,Rave,3,1,6,,
The Dog,The Dog,2,0,4,,
Brian Knobbs,Brian Knobbs,48,0,190,,
Psychosis,Psychosis,47,0,278,,
The Stro,The Stro,2,1,4,,
Idol,Idol,4,0,8,,
Chris Kanyon,Chris Kanyon,8,0,20,,
Rick Fuller,Rick Fuller,10,0,26,,
Rhonda Singh,Rhonda Singh,3,0,6,,
Mona,Mona,4,0,10,,
Scott Hall,Scott Hall,71,0,398,,
Don Harris,Don Harris,9,0,26,,
Al Green,Al Green,5,0,10,,
TEAM2000,TEAM2000,5,0,10,,
Masahiro Chono,Masahiro Chono,27,0,68,,
Super J,Super J,5,0,10,,
The Varsity Club,The Varsity Club,8,0,20,,
Mike Rotunda,Mike Rotunda,23,0,62,,
The Maestro,The Maestro,4,0,8,,
George Steele,George Steele,5,2,10,,
Tito Santana,Tito Santana,1,1,2,,
Jimmy Snuka,Jimmy Snuka,1,1,2,,
Bret Hart,Bret Hart,51,0,206,,
Dean Malenko,Dean Malenko,97,0,602,,
Perry Saturn,Perry Saturn,104,0,528,,
Asya,Asya,13,0,32,,
Midnight,Midnight,8,0,18,,
PG-13,PG-13,12,3,40,,
JC Ice,JC Ice,12,3,40,,
Wolfie D,Wolfie D,12,3,40,,
Ron Harris,Ron Harris,8,0,24,,
Buzzkill,Buzzkill,7,0,16,,
Shane,Shane,1,1,2,,
Jerry Flynn,Jerry Flynn,32,0,88,,
Chris Benoit,Chris Benoit,132,0,816,,
Nitro Girl Spice,Nitro Girl Spice,2,0,4,,
Roddy Piper,Roddy Piper,19,0,62,,
Steve Williams,Steve Williams,6,0,12,,
Gerald,Gerald,8,0,30,,
Patrick,Patrick,8,0,30,,
Paul Orndorff,Paul Orndorff,4,1,8,,
The Outsiders,The Outsiders,32,0,160,,
Oklahoma,Oklahoma,2,0,4,,
Larry Zbyszko,Larry Zbyszko,1,1,2,,
Jushin Thunder Liger,Jushin Thunder Liger,4,0,8,,
Miss Elizabeth,Miss Elizabeth,2,0,4,,
Eddie Guerrero,Eddie Guerrero,77,0,428,,
Nitro Girl Tygress,Nitro Girl Tygress,1,0,2,,
Johnny Boone,Johnny Boone,2,1,4,,
El Dandy,El Dandy,22,0,86,,
Silver King,Silver King,21,0,90,,
Villano V,Villano V,19,0,76,,
Jimmy Hart,Jimmy Hart,6,0,12,,
Brad Armstrong,Brad Armstrong,17,0,38,,
Van Hammer,Van Hammer,17,0,34,,
Barry Windham,Barry Windham,43,0,152,,
Kendall Windham,Kendall Windham,29,0,86,,
Scott Armstrong,Scott Armstrong,10,0,34,,
Lenny,Lenny,7,0,16,,
Blitzkrieg,Blitzkrieg,17,0,56,,
Dave Taylor,Dave Taylor,18,0,44,,
Steven Regal,Steven Regal,56,0,160,,
Erik Watts,Erik Watts,3,0,6,,
Lodi,Lodi,22,0,44,,
Barry Horowitz,Barry Horowitz,35,2,92,,
Prince Iaukea,Prince Iaukea,38,0,100,,
Vincent,Vincent,25,0,78,,
Disorderly Conduct,Disorderly Conduct,7,0,18,,
Mean Mike,Mean Mike,7,0,18,,
Tough Tom,Tough Tom,7,0,18,,
Mike Enos,Mike Enos,36,0,94,,
Scotty Riggs,Scotty Riggs,38,0,168,,
Kenny Kaos,Kenny Kaos,52,0,236,,
Chase Tatum,Chase Tatum,2,1,4,,
Mikey Whipwreck,Mikey Whipwreck,6,0,12,,
The Public Enemy,The Public Enemy,57,0,374,,
Johnny Grunge,Johnny Grunge,59,0,378,,
Rocco Rock,Rocco Rock,59,0,378,,
The nWo,The nWo,25,0,64,,
Scott Norton,Scott Norton,54,0,244,,
Chris Adams,Chris Adams,10,0,20,,
Little Jeanne,Little Jeanne,1,0,2,,
The Deadpool,The Deadpool,6,0,12,,
Bobby Duncum Jr.,Bobby Duncum Jr.,19,0,46,,
Scott Putski,Scott Putski,18,0,38,,
Randy Savage,Randy Savage,38,0,220,,
Hak,Hak,11,0,30,,
The West Texas Rednecks,The West Texas Rednecks,9,0,18,,
The nWo B-Team,The nWo B-Team,9,0,18,,
Lenny Lane,Lenny Lane,18,0,38,,
Damien,Damien,31,0,108,,
Halloween,Halloween,12,0,26,,
Bobby Eaton,Bobby Eaton,8,0,20,,
Buddy Lee Parker,Buddy Lee Parker,3,0,6,,
Raven,Raven,44,0,160,,
Charles Robinson,Charles Robinson,3,1,6,,
The Armstrongs,The Armstrongs,8,0,30,,
Steve Armstrong,Steve Armstrong,8,0,30,,
Master Blaster Blade,Master Blaster Blade,3,0,6,,
Master Blaster Iron,Master Blaster Iron,3,0,6,,
Lizmark Jr.,Lizmark Jr.,22,0,84,,
Chris Jericho,Chris Jericho,97,0,508,,
Wrath,Wrath,33,0,82,,
Super Calo,Super Calo,20,0,82,,
El Vampiro,El Vampiro,1,0,2,,
Bull Pain,Bull Pain,2,1,4,,
Hector Garza,Hector Garza,22,0,82,,
Will Sasso,Will Sasso,1,1,2,,
Steve McMichael,Steve McMichael,61,0,296,,
The Faces Of Fear,The Faces Of Fear,41,0,226,,
Big Show,Big Show,62,0,292,,
Emory Hale,Emory Hale,3,1,6,,
Glacier,Glacier,32,0,82,,
Shiima Nobunaga,Shiima Nobunaga,8,0,18,,
Hammer,Hammer,5,0,18,,
The Renegade,The Renegade,20,0,52,,
Sonny Onoo,Sonny Onoo,2,1,4,,
Bobby Blaze,Bobby Blaze,1,1,2,,
Tokyo Magnum,Tokyo Magnum,12,0,28,,
El Gringo,El Gringo,1,1,2,,
Sick Boy,Sick Boy,18,0,40,,
Ciclope,Ciclope,18,0,74,,
The British Bulldog,The British Bulldog,72,2,340,,
The nWo Hollywood,The nWo Hollywood,7,0,14,,
The nWo Wolfpac,The nWo Wolfpac,7,0,14,,
Dale Torborg,Dale Torborg,1,1,2,,
The Warrior,The Warrior,3,1,6,,
The Booty Man,The Booty Man,9,0,38,,
Barry Darsow,Barry Darsow,5,0,14,,
Nick Dinsmore,Nick Dinsmore,3,1,6,,
Los Villanos,Los Villanos,7,0,24,,
Villano IV,Villano IV,15,0,60,,
Davey Boy Smith,Davey Boy Smith,1,1,2,,
Riggs,Riggs,11,0,28,,
Jim Neidhart,Jim Neidhart,19,0,48,,
Marty Jannetty,Marty Jannetty,40,2,100,,
High Voltage,High Voltage,42,0,206,,
Robbie Rage,Robbie Rage,43,0,208,,
Jim Powers,Jim Powers,19,0,54,,
Ultimo Dragon,Ultimo Dragon,30,0,106,,
Yuji Nagata,Yuji Nagata,14,0,36,,
Rick Martel,Rick Martel,5,0,10,,
Little Dragon,Little Dragon,1,1,2,,
Reese,Reese,5,0,10,,
Judo Suwa,Judo Suwa,7,0,14,,
Sumo Fuji,Sumo Fuji,2,0,4,,
Lynn Denton,Lynn Denton,1,0,2,,
Kevin Greene,Kevin Greene,1,1,2,,
nWo Japan,nWo Japan,12,0,30,,
Hiroyoshi Tenzan,Hiroyoshi Tenzan,5,0,10,,
nWo Sting,nWo Sting,6,0,12,,
Johnny Attitude,Johnny Attitude,1,1,2,,
Len Denton,Len Denton,1,1,2,,
Kaos,Kaos,2,1,4,,
Wayne Bloom,Wayne Bloom,8,0,20,,
Ray Traylor,Ray Traylor,14,0,36,,
Vicious And Delicious,Vicious And Delicious,17,0,64,,
Mark Starr,Mark Starr,7,0,14,,
Louie Spicolli,Louie Spicolli,2,1,4,,
Mortis,Mortis,22,0,52,,
Ernest Miller,Ernest Miller,10,0,30,,
Black Cat,Black Cat,1,3,2,,
John Nord,John Nord,1,1,2,,
Jacqueline,Jacqueline,21,2,60,,
Sean Waltman,Sean Waltman,104,2,734,,
Stevie Richards,Stevie Richards,27,2,82,,
Bobby Starr,Bobby Starr,3,1,6,,
Hector Guerrero,Hector Guerrero,6,0,16,,
Joey Maggs,Joey Maggs,2,1,4,,
The Texas Hangmen,The Texas Hangmen,4,1,8,,
Killer,Killer,4,1,8,,
Psycho,Psycho,4,1,8,,
Tsubasa,Tsubasa,1,0,2,,
Joe Gomez,Joe Gomez,23,0,58,,
The Four Horsemen,The Four Horsemen,22,0,96,,
The Amazing French Canadians,The Amazing French Canadians,29,0,150,,
Jacques Rougeau,Jacques Rougeau,30,0,152,,
Dennis Rodman,Dennis Rodman,3,1,6,,
Akira Hokuto,Akira Hokuto,5,1,10,,
Malia Hosaka,Malia Hosaka,3,0,10,,
Squire David Taylor,Squire David Taylor,19,0,46,,
Ice-Train,Ice-Train,14,0,52,,
Big Al,Big Al,1,1,2,,
Lane Carlson,Lane Carlson,1,0,2,,
Kevin Sullivan,Kevin Sullivan,34,0,120,,
Lance Ringo,Lance Ringo,1,1,2,,
Road Block,Road Block,11,0,30,,
Debbie Combs,Debbie Combs,1,0,2,,
Maxx,Maxx,2,1,4,,
Knuckles Nelson,Knuckles Nelson,3,1,6,,
T. Rantula,T. Rantula,3,1,6,,
Bunkhouse Buck,Bunkhouse Buck,4,1,8,,
Sgt. Craig Pittman,Sgt. Craig Pittman,9,0,22,,
Hardbody Harrison,Hardbody Harrison,2,0,4,,
Greg Valentine,Greg Valentine,14,0,36,,
Galaxy,Galaxy,2,0,4,,
Ray Mendoza Jr.,Ray Mendoza Jr.,2,0,4,,
Mr. JL,Mr. JL,8,0,24,,
Pat Tanaka,Pat Tanaka,3,0,6,,
Doc Dean,Doc Dean,1,1,2,,
Top Gun,Top Gun,2,0,4,,
Robbie Brookside,Robbie Brookside,1,1,1,,
Maverick Wild,Maverick Wild,1,1,2,,
Ron Powers,Ron Powers,2,1,4,,
The Extreme,The Extreme,5,0,20,,
Ace Darling,Ace Darling,5,0,22,,
Devon Storm,Devon Storm,7,0,26,,
Arn Anderson,Arn Anderson,34,0,206,,
Billy Pearl,Billy Pearl,1,0,2,,
Big Boss Man,Big Boss Man,70,2,302,,
Kensuke Sasaki,Kensuke Sasaki,2,1,4,,
Mascarita Sagrada,Mascarita Sagrada,3,4,6,,
Octagoncito,Octagoncito,3,4,6,,
Jerrito Estrada,Jerrito Estrada,3,4,6,,
Pirata Morgan,Pirata Morgan,8,2,18,,
Tombstone,Tombstone,1,1,2,,
David Sammartino,David Sammartino,1,1,2,,
The Nasty Boys,The Nasty Boys,19,0,94,,
Jerry Sags,Jerry Sags,19,0,94,,
Jimmy Graffiti,Jimmy Graffiti,2,1,6,,
Robert Gibson,Robert Gibson,22,3,108,,
Tony Pena,Tony Pena,1,1,2,,
The American Males,The American Males,19,0,112,,
Marcus Alexander Bagwell,Marcus Alexander Bagwell,24,0,130,,
Miguel Perez Jr.,Miguel Perez Jr.,1,0,2,,
Zero,Zero,1,0,2,,
Reina Jubuki,Reina Jubuki,1,0,2,,
Ricky Morton,Ricky Morton,22,3,102,,
The Fantastics,The Fantastics,5,0,10,,
Bobby Fulton,Bobby Fulton,5,0,12,,
Tommy Rogers,Tommy Rogers,5,0,12,,
The Cheetah Kid,The Cheetah Kid,1,1,2,,
Mike Winner,Mike Winner,1,0,2,,
El Technico,El Technico,4,1,8,,
Bo LeDuc,Bo LeDuc,1,1,2,,
John Tenta,John Tenta,3,1,8,,
The Dungeon Of Doom,The Dungeon Of Doom,20,0,52,,
Buddy Valentino,Buddy Valentino,4,1,8,,
The Blue Bloods,The Blue Bloods,11,0,28,,
Earl Robert Eaton,Earl Robert Eaton,8,0,16,,
Dick Slater,Dick Slater,12,0,26,,
Renegade,Renegade,8,0,16,,
The Leprechaun,The Leprechaun,8,0,16,,
Fire And Ice,Fire And Ice,5,0,30,,
Kurasawa,Kurasawa,4,1,8,,
Kip Abee,Kip Abee,1,1,2,,
Bobby Walker,Bobby Walker,2,1,4,,
Shark,Shark,3,1,8,,
The Belfast Bruiser,The Belfast Bruiser,3,1,6,,
The Road Warriors,The Road Warriors,16,3,64,,
Road Warrior Hawk,Road Warrior Hawk,83,3,396,,
Loch Ness,Loch Ness,3,1,6,,
Brian Pillman,Brian Pillman,18,0,48,,
The Taskmaster,The Taskmaster,5,0,10,,
Sister Sherri,Sister Sherri,1,0,2,,
The One Man Gang,The One Man Gang,1,1,2,,
The Super Assassins,The Super Assassins,4,1,8,,
Super Assassin #1,Super Assassin #1,4,1,8,,
Super Assassin #2,Super Assassin #2,4,1,8,,
Bull Nakano,Bull Nakano,3,0,6,,
Cutie Suzuki,Cutie Suzuki,3,0,6,,
Mayumi Ozaki,Mayumi Ozaki,3,0,6,,
Marc Mero,Marc Mero,52,2,180,,
Cobra,Cobra,1,1,2,,
Sabu,Sabu,4,0,8,,
The Hardy Boyz,The Hardy Boyz,67,2,664,,
Jeff Hardy,Jeff Hardy,73,2,760,,
Matt Hardy,Matt Hardy,73,2,762,,
Christian,Christian,64,2,612,,
Edge,Edge,74,2,762,,
Kurt Angle,Kurt Angle,48,2,326,,
Steve Austin,Steve Austin,58,2,358,,
The Rock,The Rock,76,2,758,,
Kane,Kane,93,2,632,,
The Undertaker,The Undertaker,61,2,432,,
The Big Show,The Big Show,43,2,236,,
Crash,Crash,46,2,258,,
Taz,Taz,28,0,96,,
Val Venis,Val Venis,75,2,394,,
Test,Test,69,2,518,,
Justin Credible,Justin Credible,41,2,112,,
Grandmaster Sexay,Grandmaster Sexay,59,2,408,,
Steve Blackman,Steve Blackman,75,2,370,,
Triple H,Triple H,95,2,724,,
The Dudley Boyz,The Dudley Boyz,61,2,512,,
Bubba Ray Dudley,Bubba Ray Dudley,61,2,522,,
D-Von Dudley,D-Von Dudley,62,2,532,,
The Right To Censor,The Right To Censor,23,2,246,,
Bull Buchanan,Bull Buchanan,32,2,262,,
The Godfather,The Godfather,88,2,562,,
Haku,Haku,12,2,32,,
Rikishi,Rikishi,69,2,300,,
Al Snow,Al Snow,57,2,262,,
Ivory,Ivory,29,2,112,,
Lita,Lita,23,2,106,,
Jerry Lawler,Jerry Lawler,33,2,82,,
The APA,The APA,39,2,272,,
Bradshaw,Bradshaw,109,2,858,,
Faarooq,Faarooq,102,2,900,,
Stephanie McMahon,Stephanie McMahon,13,2,40,,
Trish Stratus,Trish Stratus,20,2,72,,
Vince McMahon,Vince McMahon,26,2,86,,
Taka Michinoku,Taka Michinoku,74,2,292,,
Molly Holly,Molly Holly,7,2,16,,
Essa Rios,Essa Rios,11,0,26,,
Scotty 2 Hotty,Scotty 2 Hotty,58,2,418,,
Team Extreme,Team Extreme,11,2,28,,
Terri,Terri,14,2,36,,
The Radicalz,The Radicalz,19,0,98,,
Billy Gunn,Billy Gunn,129,2,976,,
Kai En Tai,Kai En Tai,44,2,178,,
Funaki,Funaki,40,2,170,,
Too Cool,Too Cool,80,2,496,,
Lo Down,Lo Down,8,2,20,,
Chaz,Chaz,11,2,26,,
D-Lo Brown,D-Lo Brown,82,2,414,,
Hardcore Holly,Hardcore Holly,47,2,262,,
K-Kwik,K-Kwik,21,2,52,,
Jack Doan,Jack Doan,4,3,8,,
Teddy Long,Teddy Long,4,3,8,,
Albert,Albert,35,2,266,,
T&A;,T&A;,39,2,272,,
Chyna,Chyna,44,2,212,,
The Road Dogg,The Road Dogg,102,2,944,,
The Hollys,The Hollys,33,2,182,,
Tiger Ali Singh,Tiger Ali Singh,5,2,12,,
D-Generation X,D-Generation X,61,2,350,,
Dennis Knight,Dennis Knight,72,3,356,,
The Kat,The Kat,15,2,40,,
Shane McMahon,Shane McMahon,21,2,88,,
The Brooklyn Brawler,The Brooklyn Brawler,16,2,32,,
Gerald Brisco,Gerald Brisco,19,2,74,,
Pat Patterson,Pat Patterson,16,2,62,,
Head Cheese,Head Cheese,18,2,76,,
The Acolytes,The Acolytes,45,2,360,,
Mark Henry,Mark Henry,47,2,194,,
Viscera,Viscera,34,2,104,,
The New Age Outlaws,The New Age Outlaws,64,2,410,,
Mick Foley,Mick Foley,92,2,550,,
Luna,Luna,12,2,26,,
Hervina,Hervina,1,2,2,,
Prince Albert,Prince Albert,24,2,76,,
The Head Bangers,The Head Bangers,91,3,506,,
Mosh,Mosh,92,3,516,,
Thrasher,Thrasher,91,3,510,,
Mae Young,Mae Young,12,2,34,,
The Fabulous Moolah,The Fabulous Moolah,12,2,34,,
The Mean Street Posse,The Mean Street Posse,20,2,100,,
Joey Abs,Joey Abs,22,2,94,,
Pete Gas,Pete Gas,20,2,100,,
Rodney,Rodney,20,2,102,,
Gangrel,Gangrel,46,2,212,,
Tori,Tori,5,2,12,,
Brian Christopher,Brian Christopher,56,2,154,,
Scott Taylor,Scott Taylor,46,2,120,,
Jim Ross,Jim Ross,3,3,6,,
Curtis Hughes,Curtis Hughes,4,3,8,,
The New Brood,The New Brood,10,2,36,,
Miss Kitty,Miss Kitty,3,2,6,,
Debra,Debra,9,2,26,,
Tom Prichard,Tom Prichard,3,2,6,,
Gotch Gracie,Gotch Gracie,1,1,2,,
Ken Shamrock,Ken Shamrock,54,2,304,,
Droz,Droz,29,2,80,,
Meat,Meat,3,2,6,,
The Brood,The Brood,36,2,160,,
Michael Hayes,Michael Hayes,7,2,14,,
Owen Hart,Owen Hart,90,2,546,,
Paul Bearer,Paul Bearer,1,3,2,,
Sable,Sable,5,2,16,,
Nicole Bass,Nicole Bass,1,2,2,,
The Corporation,The Corporation,16,2,52,,
The Ministry Of Darkness,The Ministry Of Darkness,13,2,42,,
Bob Holly,Bob Holly,54,2,134,,
Bart Gunn,Bart Gunn,40,2,134,,
Gillberg,Gillberg,3,3,6,,
Kurrgan,Kurrgan,46,3,148,,
Dan Severn,Dan Severn,10,2,36,,
The Blue Blazer,The Blue Blazer,3,2,12,,
The JOB Squad,The JOB Squad,10,2,28,,
Scorpio,Scorpio,34,2,92,,
The Oddities,The Oddities,23,3,76,,
Golga,Golga,36,3,116,,
Giant Silva,Giant Silva,9,3,22,,
LOD 2000,LOD 2000,11,2,30,,
Animal,Animal,11,2,30,,
Dick Togo,Dick Togo,24,2,92,,
Mens Teioh,Mens Teioh,20,2,70,,
Vader,Vader,43,2,140,,
Southern Justice,Southern Justice,13,3,48,,
Mark Canterbury,Mark Canterbury,14,3,50,,
8-Ball,8-Ball,51,3,264,,
Skull,Skull,51,3,272,,
Sgt. Slaughter,Sgt. Slaughter,1,2,2,,
Darren Drozdov,Darren Drozdov,13,3,46,,
Miguel Perez,Miguel Perez,25,3,96,,
The Nation,The Nation,25,2,138,,
Los Boricuas,Los Boricuas,20,3,126,,
Jesus Castillo,Jesus Castillo,21,3,78,,
Princess Luna,Princess Luna,1,2,2,,
Savio Vega,Savio Vega,63,2,266,,
Brakus,Brakus,2,3,4,,
Pierre,Pierre,15,3,62,,
King Mabel,King Mabel,6,2,12,,
Jose Estrada,Jose Estrada,17,3,74,,
Chainz,Chainz,27,3,118,,
The Midnight Express,The Midnight Express,24,3,78,,
Bodacious Bart,Bodacious Bart,24,3,78,,
Bombastic Bob,Bombastic Bob,24,3,78,,
Papi Chulo,Papi Chulo,1,2,2,,
The Booty Mans Of Apocalypse,The Booty Mans Of Apocalypse,23,3,90,,
Teioh,Teioh,5,3,10,,
Too Cold Scorpio,Too Cold Scorpio,14,3,34,,
TAFKA Goldust,TAFKA Goldust,11,2,30,,
The Quebecers,The Quebecers,14,3,60,,
Jacques,Jacques,14,3,60,,
Flash Funk,Flash Funk,26,2,56,,
Matt Knowles,Matt Knowles,1,2,2,,
Aguila,Aguila,6,2,20,,
The Nation Of Domination,The Nation Of Domination,21,2,128,,
Chainsaw Charlie,Chainsaw Charlie,9,2,50,,
Tom Brandi,Tom Brandi,3,3,10,,
The Truth Commission,The Truth Commission,25,3,92,,
Recon,Recon,28,3,100,,
Sniper,Sniper,26,3,94,,
El Pantera,El Pantera,3,3,8,,
The Godwinns,The Godwinns,47,3,240,,
Henry O. Godwinn,Henry O. Godwinn,64,3,288,,
Jimmy Cicero,Jimmy Cicero,2,3,4,,
Lance Diamond,Lance Diamond,2,3,4,,
Blackjack Windham,Blackjack Windham,17,3,78,,
Shawn Michaels,Shawn Michaels,28,2,108,,
The Sultan,The Sultan,9,2,18,,
Salvatore Sincere,Salvatore Sincere,5,2,12,,
Flash Flanagan,Flash Flanagan,1,3,2,,
Battalion,Battalion,4,4,8,,
El Torito,El Torito,5,2,12,,
Tarantula,Tarantula,5,2,14,,
Max Mini,Max Mini,6,2,20,,
Nova,Nova,5,2,14,,
Eric Shelley,Eric Shelley,2,3,4,,
Super Loco,Super Loco,1,3,2,,
The New Blackjacks,The New Blackjacks,16,3,76,,
Yoshihiro Tajiri,Yoshihiro Tajiri,5,3,12,,
Mosaic,Mosaic,3,4,6,,
Pantera,Pantera,1,3,2,,
The Patriot,The Patriot,8,2,20,,
Jesse Jammes,Jesse Jammes,13,2,28,,
Tony Williams,Tony Williams,1,1,2,,
The Interrogator,The Interrogator,6,3,12,,
Brian Walsh,Brian Walsh,3,3,6,,
The Hart Foundation,The Hart Foundation,6,2,12,,
Ivan Putski,Ivan Putski,3,3,6,,
The Great Sasuke,The Great Sasuke,1,3,2,,
Rob Van Dam,Rob Van Dam,6,3,12,,
Doug Furnas,Doug Furnas,18,3,70,,
Philip LaFon,Philip LaFon,18,3,68,,
Leif Cassidy,Leif Cassidy,22,2,29,,
Leif CasSycho Sidy,Leif CasSycho Sidy,22,2,29,,
Freddie Joe Floyd,Freddie Joe Floyd,10,2,22,,
Frank Stalletto,Frank Stalletto,1,3,2,,
Vernon White,Vernon White,1,3,2,,
Jerry Fox,Jerry Fox,5,2,10,,
Rod Bell,Rod Bell,3,3,6,,
Mike Bell,Mike Bell,1,3,2,,
Tim McNeany,Tim McNeany,1,3,2,,
Heavy Metal,Heavy Metal,5,0,10,,
Pentagon,Pentagon,5,0,10,,
Pierroth,Pierroth,10,0,18,,
Latin Lover,Latin Lover,5,0,10,,
Octagon,Octagon,5,0,10,,
Tony Roy,Tony Roy,2,2,4,,
Tommy Dreamer,Tommy Dreamer,1,2,2,,
Dr. X,Dr. X,3,3,6,,
TL Hopper,TL Hopper,9,3,18,,
Cibernetico,Cibernetico,5,2,8,,
The New Rockers,The New Rockers,14,2,38,,
The Executioner,The Executioner,1,3,2,,
The Goon,The Goon,2,3,4,,
Jake Roberts,Jake Roberts,9,2,22,,
Zebekiah,Zebekiah,2,3,4,,
The Smoking Gunns,The Smoking Gunns,32,2,106,,
The Stalker,The Stalker,3,3,6,,
Alex Porteau,Alex Porteau,10,2,20,,
The Body Donnas,The Body Donnas,21,2,72,,
Skip,Skip,37,2,120,,
Zip,Zip,22,2,74,,
Camp Cornette,Camp Cornette,15,2,42,,
Jim Cornette,Jim Cornette,4,3,8,,
Jose Lothario,Jose Lothario,4,3,8,,
Jared Grimm,Jared Grimm,4,3,8,,
Jason Grimm,Jason Grimm,4,3,8,,
Yokozuna,Yokozuna,17,2,70,,
Who,Who,4,3,8,,
Duke Droese,Duke Droese,21,2,44,,
The Ultimate Warrior,The Ultimate Warrior,3,3,6,,
Tekkno Team 2000,Tekkno Team 2000,8,3,20,,
Travis,Travis,8,3,20,,
Troy,Troy,8,3,20,,
Tatanka,Tatanka,6,2,12,,
The Ringmaster,The Ringmaster,2,3,4,,
Shinobi,Shinobi,1,3,2,,
Hakushi,Hakushi,23,2,52,,
Buddy Landel,Buddy Landel,1,3,2,,
The Spiders,The Spiders,5,2,10,,
Spider #1,Spider #1,5,2,10,,
Spider #2,Spider #2,5,2,10,,
Aja Kong,Aja Kong,4,0,8,,
Chaparita Asari,Chaparita Asari,1,0,2,,
Bob Backlund,Bob Backlund,1,1,2,,
Rad Radford,Rad Radford,24,2,48,,
Tomoko Watanabe,Tomoko Watanabe,3,0,6,,
Kyoko Inoue,Kyoko Inoue,3,0,6,,
John Chrystal,John Chrystal,1,3,2,,
Sir Mo,Sir Mo,5,2,10,,
Dean Douglas,Dean Douglas,2,0,4,,
Avatar,Avatar,1,3,2,,
Joe Dorgan,Joe Dorgan,2,0,4,,
Terry Richards,Terry Richards,1,3,2,,
Jake Steele,Jake Steele,1,3,2,,
Jean-Pierre LaFitte,Jean-Pierre LaFitte,21,2,42,,
King Kong Bundy,King Kong Bundy,19,2,38,,
Bertha Faye,Bertha Faye,1,0,2,,
John Rechner,John Rechner,4,3,8,,
Phil Apollo,Phil Apollo,4,3,8,,
Sonny Rogers,Sonny Rogers,3,3,6,,
Doink,Doink,1,3,2,,
Men On A Mission,Men On A Mission,4,3,8,,
The Million Dollar Corporation,The Million Dollar Corporation,4,3,8,,